rank,uid,title,year,venue,url,problem_claimed,actual_mechanism,hidden_assumptions,variables_treated_as_fixed,failure_modes_ignored,what_it_makes_less_novel,what_it_leaves_open
1,doi:10.3390/app16063051,An Investigation into Uncertainty Quantification of Shallow Foundation Failure Mechanisms in Horizontally Stratified Layered Soil Strata,2026,Applied Sciences,https://doi.org/10.3390/app16063051,Addresses robot world-model reliability or a neighboring robotics mechanism.,"Prior work usually predicts, ranks, filters, or imitates observed behavior rather than preserving unrealized branches.",The observed outcome is enough to supervise the model.,"Contact mode support, embodiment limits, and deployment perturbations.","Branch collapse, hidden-mode shift, and tail-risk planning failures.",Generic world models and generic uncertainty are crowded.,World model uncertainty bloat keeps action-critical alternatives explicit until a physical observation collapses them.
2,arxiv:2602.03973v1,VLS: Steering Pretrained Robot Policies via Vision-Language Models,2026,arXiv,http://arxiv.org/abs/2602.03973v1,Addresses robot world-model reliability or a neighboring robotics mechanism.,"Prior work usually predicts, ranks, filters, or imitates observed behavior rather than preserving unrealized branches.",The observed outcome is enough to supervise the model.,"Contact mode support, embodiment limits, and deployment perturbations.","Branch collapse, hidden-mode shift, and tail-risk planning failures.",Generic world models and generic uncertainty are crowded.,World model uncertainty bloat keeps action-critical alternatives explicit until a physical observation collapses them.
3,doi:10.3390/s26103140,Uncertainty-Calibrated Safety Gating for Vision–Language– Action Manipulation Under Domain Shift: Reliability Gains and Intervention–Efficiency Trade-Offs,2026,Sensors,https://doi.org/10.3390/s26103140,Addresses robot world-model reliability or a neighboring robotics mechanism.,"Prior work usually predicts, ranks, filters, or imitates observed behavior rather than preserving unrealized branches.",The observed outcome is enough to supervise the model.,"Contact mode support, embodiment limits, and deployment perturbations.","Branch collapse, hidden-mode shift, and tail-risk planning failures.",Generic world models and generic uncertainty are crowded.,World model uncertainty bloat keeps action-critical alternatives explicit until a physical observation collapses them.
4,arxiv:2112.05299v1,Zero-Shot Uncertainty-Aware Deployment of Simulation Trained Policies on Real-World Robots,2021,arXiv,http://arxiv.org/abs/2112.05299v1,Addresses robot world-model reliability or a neighboring robotics mechanism.,"Prior work usually predicts, ranks, filters, or imitates observed behavior rather than preserving unrealized branches.",The observed outcome is enough to supervise the model.,"Contact mode support, embodiment limits, and deployment perturbations.","Branch collapse, hidden-mode shift, and tail-risk planning failures.",Generic world models and generic uncertainty are crowded.,World model uncertainty bloat keeps action-critical alternatives explicit until a physical observation collapses them.
5,arxiv:2107.09822v3,Bayesian Controller Fusion: Leveraging Control Priors in Deep Reinforcement Learning for Robotics,2021,arXiv,http://arxiv.org/abs/2107.09822v3,Addresses robot world-model reliability or a neighboring robotics mechanism.,"Prior work usually predicts, ranks, filters, or imitates observed behavior rather than preserving unrealized branches.",The observed outcome is enough to supervise the model.,"Contact mode support, embodiment limits, and deployment perturbations.","Branch collapse, hidden-mode shift, and tail-risk planning failures.",Generic world models and generic uncertainty are crowded.,World model uncertainty bloat keeps action-critical alternatives explicit until a physical observation collapses them.
6,arxiv:2601.21282v1,WorldBench: Disambiguating Physics for Diagnostic Evaluation of World Models,2026,arXiv,http://arxiv.org/abs/2601.21282v1,Addresses robot world-model reliability or a neighboring robotics mechanism.,"Prior work usually predicts, ranks, filters, or imitates observed behavior rather than preserving unrealized branches.",The observed outcome is enough to supervise the model.,"Contact mode support, embodiment limits, and deployment perturbations.","Branch collapse, hidden-mode shift, and tail-risk planning failures.",Generic world models and generic uncertainty are crowded.,World model uncertainty bloat keeps action-critical alternatives explicit until a physical observation collapses them.
7,arxiv:2604.16677v1,ReconVLA: An Uncertainty-Guided and Failure-Aware Vision-Language-Action Framework for Robotic Control,2026,arXiv,http://arxiv.org/abs/2604.16677v1,Addresses robot world-model reliability or a neighboring robotics mechanism.,"Prior work usually predicts, ranks, filters, or imitates observed behavior rather than preserving unrealized branches.",The observed outcome is enough to supervise the model.,"Contact mode support, embodiment limits, and deployment perturbations.","Branch collapse, hidden-mode shift, and tail-risk planning failures.",Generic world models and generic uncertainty are crowded.,World model uncertainty bloat keeps action-critical alternatives explicit until a physical observation collapses them.
8,doi:10.61453/jods.v20260103,Benchmarking Robust Machine Learning Models Under Data Imperfections in Real-World Data Science Scenarios,2026,Journal of Data Science,https://doi.org/10.61453/jods.v20260103,Addresses robot world-model reliability or a neighboring robotics mechanism.,"Prior work usually predicts, ranks, filters, or imitates observed behavior rather than preserving unrealized branches.",The observed outcome is enough to supervise the model.,"Contact mode support, embodiment limits, and deployment perturbations.","Branch collapse, hidden-mode shift, and tail-risk planning failures.",Generic world models and generic uncertainty are crowded.,World model uncertainty bloat keeps action-critical alternatives explicit until a physical observation collapses them.
9,arxiv:2603.11400v1,Deployment-Time Reliability of Learned Robot Policies,2026,arXiv,http://arxiv.org/abs/2603.11400v1,Addresses robot world-model reliability or a neighboring robotics mechanism.,"Prior work usually predicts, ranks, filters, or imitates observed behavior rather than preserving unrealized branches.",The observed outcome is enough to supervise the model.,"Contact mode support, embodiment limits, and deployment perturbations.","Branch collapse, hidden-mode shift, and tail-risk planning failures.",Generic world models and generic uncertainty are crowded.,World model uncertainty bloat keeps action-critical alternatives explicit until a physical observation collapses them.
10,arxiv:2309.08052v1,A Bayesian approach to breaking things: efficiently predicting and repairing failure modes via sampling,2023,arXiv,http://arxiv.org/abs/2309.08052v1,Addresses robot world-model reliability or a neighboring robotics mechanism.,"Prior work usually predicts, ranks, filters, or imitates observed behavior rather than preserving unrealized branches.",The observed outcome is enough to supervise the model.,"Contact mode support, embodiment limits, and deployment perturbations.","Branch collapse, hidden-mode shift, and tail-risk planning failures.",Generic world models and generic uncertainty are crowded.,World model uncertainty bloat keeps action-critical alternatives explicit until a physical observation collapses them.
11,doi:10.1016/j.probengmech.2025.103755,Reliability-based design optimization incorporating extended Optimal Uncertainty Quantification,2025,Probabilistic Engineering Mechanics,https://doi.org/10.1016/j.probengmech.2025.103755,Addresses robot world-model reliability or a neighboring robotics mechanism.,"Prior work usually predicts, ranks, filters, or imitates observed behavior rather than preserving unrealized branches.",The observed outcome is enough to supervise the model.,"Contact mode support, embodiment limits, and deployment perturbations.","Branch collapse, hidden-mode shift, and tail-risk planning failures.",Generic world models and generic uncertainty are crowded.,World model uncertainty bloat keeps action-critical alternatives explicit until a physical observation collapses them.
12,doi:10.3390/sym18030394,PI-VLA: Adaptive Symmetry-Aware Decision-Making for Long-Horizon Vision–Language–Action Manipulation,2026,Symmetry,https://doi.org/10.3390/sym18030394,Addresses robot world-model reliability or a neighboring robotics mechanism.,"Prior work usually predicts, ranks, filters, or imitates observed behavior rather than preserving unrealized branches.",The observed outcome is enough to supervise the model.,"Contact mode support, embodiment limits, and deployment perturbations.","Branch collapse, hidden-mode shift, and tail-risk planning failures.",Generic world models and generic uncertainty are crowded.,World model uncertainty bloat keeps action-critical alternatives explicit until a physical observation collapses them.
13,doi:10.1016/j.probengmech.2025.103768,Time-dependent reliability index for continuum structures against field uncertainty based on non-probabilistic bounded field model,2025,Probabilistic Engineering Mechanics,https://doi.org/10.1016/j.probengmech.2025.103768,Addresses robot world-model reliability or a neighboring robotics mechanism.,"Prior work usually predicts, ranks, filters, or imitates observed behavior rather than preserving unrealized branches.",The observed outcome is enough to supervise the model.,"Contact mode support, embodiment limits, and deployment perturbations.","Branch collapse, hidden-mode shift, and tail-risk planning failures.",Generic world models and generic uncertainty are crowded.,World model uncertainty bloat keeps action-critical alternatives explicit until a physical observation collapses them.
14,doi:10.1016/j.probengmech.2023.103419,Physics-integrated deep learning for uncertainty quantification and reliability estimation of nonlinear dynamical systems,2023,Probabilistic Engineering Mechanics,https://doi.org/10.1016/j.probengmech.2023.103419,Addresses robot world-model reliability or a neighboring robotics mechanism.,"Prior work usually predicts, ranks, filters, or imitates observed behavior rather than preserving unrealized branches.",The observed outcome is enough to supervise the model.,"Contact mode support, embodiment limits, and deployment perturbations.","Branch collapse, hidden-mode shift, and tail-risk planning failures.",Generic world models and generic uncertainty are crowded.,World model uncertainty bloat keeps action-critical alternatives explicit until a physical observation collapses them.
15,doi:10.1016/j.probengmech.2024.103631,Quantile-based sequential optimization and reliability assessment method under random and interval hybrid uncertainty,2024,Probabilistic Engineering Mechanics,https://doi.org/10.1016/j.probengmech.2024.103631,Addresses robot world-model reliability or a neighboring robotics mechanism.,"Prior work usually predicts, ranks, filters, or imitates observed behavior rather than preserving unrealized branches.",The observed outcome is enough to supervise the model.,"Contact mode support, embodiment limits, and deployment perturbations.","Branch collapse, hidden-mode shift, and tail-risk planning failures.",Generic world models and generic uncertainty are crowded.,World model uncertainty bloat keeps action-critical alternatives explicit until a physical observation collapses them.
16,doi:10.1002/qre.3429,Reliability assessment of two‐level balanced systems with common bus performance sharing subjected to epistemic uncertainty,2023,Quality and Reliability Engineering International,https://doi.org/10.1002/qre.3429,Addresses robot world-model reliability or a neighboring robotics mechanism.,"Prior work usually predicts, ranks, filters, or imitates observed behavior rather than preserving unrealized branches.",The observed outcome is enough to supervise the model.,"Contact mode support, embodiment limits, and deployment perturbations.","Branch collapse, hidden-mode shift, and tail-risk planning failures.",Generic world models and generic uncertainty are crowded.,World model uncertainty bloat keeps action-critical alternatives explicit until a physical observation collapses them.
17,doi:10.1016/j.probengmech.2023.103538,Data-driven polynomial chaos-interval metamodel for dynamics and reliability analysis under hybrid uncertainty,2023,Probabilistic Engineering Mechanics,https://doi.org/10.1016/j.probengmech.2023.103538,Addresses robot world-model reliability or a neighboring robotics mechanism.,"Prior work usually predicts, ranks, filters, or imitates observed behavior rather than preserving unrealized branches.",The observed outcome is enough to supervise the model.,"Contact mode support, embodiment limits, and deployment perturbations.","Branch collapse, hidden-mode shift, and tail-risk planning failures.",Generic world models and generic uncertainty are crowded.,World model uncertainty bloat keeps action-critical alternatives explicit until a physical observation collapses them.
18,doi:10.1109/robot.1987.1087941,Mechanics of coordinative manipulation by multiple robotic mechanisms,2005,,https://doi.org/10.1109/robot.1987.1087941,Addresses robot world-model reliability or a neighboring robotics mechanism.,"Prior work usually predicts, ranks, filters, or imitates observed behavior rather than preserving unrealized branches.",The observed outcome is enough to supervise the model.,"Contact mode support, embodiment limits, and deployment perturbations.","Branch collapse, hidden-mode shift, and tail-risk planning failures.",Generic world models and generic uncertainty are crowded.,World model uncertainty bloat keeps action-critical alternatives explicit until a physical observation collapses them.
19,doi:10.1016/j.probengmech.2011.08.007,"A comparison of deterministic, reliability-based and risk-based structural optimization under uncertainty",2012,Probabilistic Engineering Mechanics,https://doi.org/10.1016/j.probengmech.2011.08.007,Addresses robot world-model reliability or a neighboring robotics mechanism.,"Prior work usually predicts, ranks, filters, or imitates observed behavior rather than preserving unrealized branches.",The observed outcome is enough to supervise the model.,"Contact mode support, embodiment limits, and deployment perturbations.","Branch collapse, hidden-mode shift, and tail-risk planning failures.",Generic world models and generic uncertainty are crowded.,World model uncertainty bloat keeps action-critical alternatives explicit until a physical observation collapses them.
20,doi:10.1016/j.probengmech.2023.103552,Time-dependent reliability analysis of planar mechanisms considering truncated random variables and joint clearances,2024,Probabilistic Engineering Mechanics,https://doi.org/10.1016/j.probengmech.2023.103552,Addresses robot world-model reliability or a neighboring robotics mechanism.,"Prior work usually predicts, ranks, filters, or imitates observed behavior rather than preserving unrealized branches.",The observed outcome is enough to supervise the model.,"Contact mode support, embodiment limits, and deployment perturbations.","Branch collapse, hidden-mode shift, and tail-risk planning failures.",Generic world models and generic uncertainty are crowded.,World model uncertainty bloat keeps action-critical alternatives explicit until a physical observation collapses them.
21,arxiv:2410.05562v1,FogROS2-PLR: Probabilistic Latency-Reliability For Cloud Robotics,2024,arXiv,http://arxiv.org/abs/2410.05562v1,Addresses robot world-model reliability or a neighboring robotics mechanism.,"Prior work usually predicts, ranks, filters, or imitates observed behavior rather than preserving unrealized branches.",The observed outcome is enough to supervise the model.,"Contact mode support, embodiment limits, and deployment perturbations.","Branch collapse, hidden-mode shift, and tail-risk planning failures.",Generic world models and generic uncertainty are crowded.,World model uncertainty bloat keeps action-critical alternatives explicit until a physical observation collapses them.
22,doi:10.1016/j.probengmech.2024.103598,Time-dependent kinematic reliability of motion mechanisms with dynamic factors,2024,Probabilistic Engineering Mechanics,https://doi.org/10.1016/j.probengmech.2024.103598,Addresses robot world-model reliability or a neighboring robotics mechanism.,"Prior work usually predicts, ranks, filters, or imitates observed behavior rather than preserving unrealized branches.",The observed outcome is enough to supervise the model.,"Contact mode support, embodiment limits, and deployment perturbations.","Branch collapse, hidden-mode shift, and tail-risk planning failures.",Generic world models and generic uncertainty are crowded.,World model uncertainty bloat keeps action-critical alternatives explicit until a physical observation collapses them.
23,doi:10.1177/02783649231167210,Bayesian controller fusion: Leveraging control priors in deep reinforcement learning for robotics,2023,The International Journal of Robotics Research,https://doi.org/10.1177/02783649231167210,Addresses robot world-model reliability or a neighboring robotics mechanism.,"Prior work usually predicts, ranks, filters, or imitates observed behavior rather than preserving unrealized branches.",The observed outcome is enough to supervise the model.,"Contact mode support, embodiment limits, and deployment perturbations.","Branch collapse, hidden-mode shift, and tail-risk planning failures.",Generic world models and generic uncertainty are crowded.,World model uncertainty bloat keeps action-critical alternatives explicit until a physical observation collapses them.
24,doi:10.1002/qre.3486,Action reliability analysis under random‐interval hybrid uncertainty of chain conveyor based on adaptive intelligent extremum surrogate model,2024,Quality and Reliability Engineering International,https://doi.org/10.1002/qre.3486,Addresses robot world-model reliability or a neighboring robotics mechanism.,"Prior work usually predicts, ranks, filters, or imitates observed behavior rather than preserving unrealized branches.",The observed outcome is enough to supervise the model.,"Contact mode support, embodiment limits, and deployment perturbations.","Branch collapse, hidden-mode shift, and tail-risk planning failures.",Generic world models and generic uncertainty are crowded.,World model uncertainty bloat keeps action-critical alternatives explicit until a physical observation collapses them.
25,doi:10.1049/csy2.70051,SCU‐T‐MPC: Risk‐Aware and Socially Compliant Topological Motion Planning Under Uncertainty,2026,IET Cyber-Systems and Robotics,https://doi.org/10.1049/csy2.70051,Addresses robot world-model reliability or a neighboring robotics mechanism.,"Prior work usually predicts, ranks, filters, or imitates observed behavior rather than preserving unrealized branches.",The observed outcome is enough to supervise the model.,"Contact mode support, embodiment limits, and deployment perturbations.","Branch collapse, hidden-mode shift, and tail-risk planning failures.",Generic world models and generic uncertainty are crowded.,World model uncertainty bloat keeps action-critical alternatives explicit until a physical observation collapses them.
26,doi:10.1109/icrms.2018.00071,Failure Mechanisms Cumulative Model for Reliability Evaluation of k-Out-of-n System with Different Types of Failure Mechanisms,2018,"2018 12th International Conference on Reliability, Maintainability, and Safety (ICRMS)",https://doi.org/10.1109/icrms.2018.00071,Addresses robot world-model reliability or a neighboring robotics mechanism.,"Prior work usually predicts, ranks, filters, or imitates observed behavior rather than preserving unrealized branches.",The observed outcome is enough to supervise the model.,"Contact mode support, embodiment limits, and deployment perturbations.","Branch collapse, hidden-mode shift, and tail-risk planning failures.",Generic world models and generic uncertainty are crowded.,World model uncertainty bloat keeps action-critical alternatives explicit until a physical observation collapses them.
27,doi:10.1142/s2972335324500029,Consolidating Trees of Robotic Plans Generated Using Large Language Models to Improve Reliability,2024,International Journal of Artificial Intelligence and Robotics Research,https://doi.org/10.1142/s2972335324500029,Addresses robot world-model reliability or a neighboring robotics mechanism.,"Prior work usually predicts, ranks, filters, or imitates observed behavior rather than preserving unrealized branches.",The observed outcome is enough to supervise the model.,"Contact mode support, embodiment limits, and deployment perturbations.","Branch collapse, hidden-mode shift, and tail-risk planning failures.",Generic world models and generic uncertainty are crowded.,World model uncertainty bloat keeps action-critical alternatives explicit until a physical observation collapses them.
28,doi:10.1007/s13369-025-10887-3,"A Comprehensive Review of Neuro-symbolic AI for Robustness, Uncertainty Quantification, and Intervenability",2026,Arabian Journal for Science and Engineering,https://doi.org/10.1007/s13369-025-10887-3,Addresses robot world-model reliability or a neighboring robotics mechanism.,"Prior work usually predicts, ranks, filters, or imitates observed behavior rather than preserving unrealized branches.",The observed outcome is enough to supervise the model.,"Contact mode support, embodiment limits, and deployment perturbations.","Branch collapse, hidden-mode shift, and tail-risk planning failures.",Generic world models and generic uncertainty are crowded.,World model uncertainty bloat keeps action-critical alternatives explicit until a physical observation collapses them.
29,doi:10.1609/aaai.v40i8.37583,Any-Optical-Model: A Universal Foundation Model for Optical Remote Sensing,2026,Proceedings of the AAAI Conference on Artificial Intelligence,https://doi.org/10.1609/aaai.v40i8.37583,Addresses robot world-model reliability or a neighboring robotics mechanism.,"Prior work usually predicts, ranks, filters, or imitates observed behavior rather than preserving unrealized branches.",The observed outcome is enough to supervise the model.,"Contact mode support, embodiment limits, and deployment perturbations.","Branch collapse, hidden-mode shift, and tail-risk planning failures.",Generic world models and generic uncertainty are crowded.,World model uncertainty bloat keeps action-critical alternatives explicit until a physical observation collapses them.
30,doi:10.3389/frobt.2022.828732,Where Does It Belong? Autonomous Object Mapping in Open-World Settings,2022,Frontiers in Robotics and AI,https://doi.org/10.3389/frobt.2022.828732,Addresses robot world-model reliability or a neighboring robotics mechanism.,"Prior work usually predicts, ranks, filters, or imitates observed behavior rather than preserving unrealized branches.",The observed outcome is enough to supervise the model.,"Contact mode support, embodiment limits, and deployment perturbations.","Branch collapse, hidden-mode shift, and tail-risk planning failures.",Generic world models and generic uncertainty are crowded.,World model uncertainty bloat keeps action-critical alternatives explicit until a physical observation collapses them.
31,doi:10.1007/s10514-024-10172-6,Planning under uncertainty for safe robot exploration using Gaussian process prediction,2024,Autonomous Robots,https://doi.org/10.1007/s10514-024-10172-6,Addresses robot world-model reliability or a neighboring robotics mechanism.,"Prior work usually predicts, ranks, filters, or imitates observed behavior rather than preserving unrealized branches.",The observed outcome is enough to supervise the model.,"Contact mode support, embodiment limits, and deployment perturbations.","Branch collapse, hidden-mode shift, and tail-risk planning failures.",Generic world models and generic uncertainty are crowded.,World model uncertainty bloat keeps action-critical alternatives explicit until a physical observation collapses them.
32,doi:10.1016/j.probengmech.2013.02.001,Uncertainty in fatigue loading: Consequences on statistical evaluation of reliability in service,2013,Probabilistic Engineering Mechanics,https://doi.org/10.1016/j.probengmech.2013.02.001,Addresses robot world-model reliability or a neighboring robotics mechanism.,"Prior work usually predicts, ranks, filters, or imitates observed behavior rather than preserving unrealized branches.",The observed outcome is enough to supervise the model.,"Contact mode support, embodiment limits, and deployment perturbations.","Branch collapse, hidden-mode shift, and tail-risk planning failures.",Generic world models and generic uncertainty are crowded.,World model uncertainty bloat keeps action-critical alternatives explicit until a physical observation collapses them.
33,arxiv:2603.06987v1,Foundational World Models Accurately Detect Bimanual Manipulator Failures,2026,arXiv,http://arxiv.org/abs/2603.06987v1,Addresses robot world-model reliability or a neighboring robotics mechanism.,"Prior work usually predicts, ranks, filters, or imitates observed behavior rather than preserving unrealized branches.",The observed outcome is enough to supervise the model.,"Contact mode support, embodiment limits, and deployment perturbations.","Branch collapse, hidden-mode shift, and tail-risk planning failures.",Generic world models and generic uncertainty are crowded.,World model uncertainty bloat keeps action-critical alternatives explicit until a physical observation collapses them.
34,doi:10.33774/coe-2025-xkwl5,Controlling Large Language Model Hallucination Based on Agent AI with LangGraph,,,https://doi.org/10.33774/coe-2025-xkwl5,Addresses robot world-model reliability or a neighboring robotics mechanism.,"Prior work usually predicts, ranks, filters, or imitates observed behavior rather than preserving unrealized branches.",The observed outcome is enough to supervise the model.,"Contact mode support, embodiment limits, and deployment perturbations.","Branch collapse, hidden-mode shift, and tail-risk planning failures.",Generic world models and generic uncertainty are crowded.,World model uncertainty bloat keeps action-critical alternatives explicit until a physical observation collapses them.
35,doi:10.3390/info16100894,"Large Language Model Agents for Biomedicine: A Comprehensive Review of Methods, Evaluations, Challenges, and Future Directions",2025,Information,https://doi.org/10.3390/info16100894,Addresses robot world-model reliability or a neighboring robotics mechanism.,"Prior work usually predicts, ranks, filters, or imitates observed behavior rather than preserving unrealized branches.",The observed outcome is enough to supervise the model.,"Contact mode support, embodiment limits, and deployment perturbations.","Branch collapse, hidden-mode shift, and tail-risk planning failures.",Generic world models and generic uncertainty are crowded.,World model uncertainty bloat keeps action-critical alternatives explicit until a physical observation collapses them.
36,arxiv:2601.07821v1,Failure-Aware RL: Reliable Offline-to-Online Reinforcement Learning with Self-Recovery for Real-World Manipulation,2026,arXiv,http://arxiv.org/abs/2601.07821v1,Addresses robot world-model reliability or a neighboring robotics mechanism.,"Prior work usually predicts, ranks, filters, or imitates observed behavior rather than preserving unrealized branches.",The observed outcome is enough to supervise the model.,"Contact mode support, embodiment limits, and deployment perturbations.","Branch collapse, hidden-mode shift, and tail-risk planning failures.",Generic world models and generic uncertainty are crowded.,World model uncertainty bloat keeps action-critical alternatives explicit until a physical observation collapses them.
37,doi:10.1016/j.probengmech.2024.103618,Uncertainty quantification for viscoelastic composite materials using time-separated stochastic mechanics,2024,Probabilistic Engineering Mechanics,https://doi.org/10.1016/j.probengmech.2024.103618,Addresses robot world-model reliability or a neighboring robotics mechanism.,"Prior work usually predicts, ranks, filters, or imitates observed behavior rather than preserving unrealized branches.",The observed outcome is enough to supervise the model.,"Contact mode support, embodiment limits, and deployment perturbations.","Branch collapse, hidden-mode shift, and tail-risk planning failures.",Generic world models and generic uncertainty are crowded.,World model uncertainty bloat keeps action-critical alternatives explicit until a physical observation collapses them.
38,doi:10.1007/s10846-026-02403-y,STL-Based Motion Planning and Uncertainty-Aware Risk Analysis for Human-Robot Collaboration with a Multi-Rotor Aerial Vehicle,2026,Journal of Intelligent & Robotic Systems,https://doi.org/10.1007/s10846-026-02403-y,Addresses robot world-model reliability or a neighboring robotics mechanism.,"Prior work usually predicts, ranks, filters, or imitates observed behavior rather than preserving unrealized branches.",The observed outcome is enough to supervise the model.,"Contact mode support, embodiment limits, and deployment perturbations.","Branch collapse, hidden-mode shift, and tail-risk planning failures.",Generic world models and generic uncertainty are crowded.,World model uncertainty bloat keeps action-critical alternatives explicit until a physical observation collapses them.
39,arxiv:2504.01957v2,Toward Real-world BEV Perception: Depth Uncertainty Estimation via Gaussian Splatting,2025,arXiv,http://arxiv.org/abs/2504.01957v2,Addresses robot world-model reliability or a neighboring robotics mechanism.,"Prior work usually predicts, ranks, filters, or imitates observed behavior rather than preserving unrealized branches.",The observed outcome is enough to supervise the model.,"Contact mode support, embodiment limits, and deployment perturbations.","Branch collapse, hidden-mode shift, and tail-risk planning failures.",Generic world models and generic uncertainty are crowded.,World model uncertainty bloat keeps action-critical alternatives explicit until a physical observation collapses them.
40,doi:10.1002/rob.22519,Developing a Climbing Robot for Stay Cable Maintenance With Security and Rescue Mechanisms,2025,Journal of Field Robotics,https://doi.org/10.1002/rob.22519,Addresses robot world-model reliability or a neighboring robotics mechanism.,"Prior work usually predicts, ranks, filters, or imitates observed behavior rather than preserving unrealized branches.",The observed outcome is enough to supervise the model.,"Contact mode support, embodiment limits, and deployment perturbations.","Branch collapse, hidden-mode shift, and tail-risk planning failures.",Generic world models and generic uncertainty are crowded.,World model uncertainty bloat keeps action-critical alternatives explicit until a physical observation collapses them.
41,arxiv:2409.12045v2,Handling Long-Term Safety and Uncertainty in Safe Reinforcement Learning,2024,arXiv,http://arxiv.org/abs/2409.12045v2,Addresses robot world-model reliability or a neighboring robotics mechanism.,"Prior work usually predicts, ranks, filters, or imitates observed behavior rather than preserving unrealized branches.",The observed outcome is enough to supervise the model.,"Contact mode support, embodiment limits, and deployment perturbations.","Branch collapse, hidden-mode shift, and tail-risk planning failures.",Generic world models and generic uncertainty are crowded.,World model uncertainty bloat keeps action-critical alternatives explicit until a physical observation collapses them.
42,doi:10.1016/j.probengmech.2022.103370,Interval deep learning for computational mechanics problems under input uncertainty,2022,Probabilistic Engineering Mechanics,https://doi.org/10.1016/j.probengmech.2022.103370,Addresses robot world-model reliability or a neighboring robotics mechanism.,"Prior work usually predicts, ranks, filters, or imitates observed behavior rather than preserving unrealized branches.",The observed outcome is enough to supervise the model.,"Contact mode support, embodiment limits, and deployment perturbations.","Branch collapse, hidden-mode shift, and tail-risk planning failures.",Generic world models and generic uncertainty are crowded.,World model uncertainty bloat keeps action-critical alternatives explicit until a physical observation collapses them.
43,doi:10.1111/joms.12897,Towards Stronger Causal Claims in Management Research: Causal Triangulation Instead of Causal Identification,2023,Journal of Management Studies,https://doi.org/10.1111/joms.12897,Addresses robot world-model reliability or a neighboring robotics mechanism.,"Prior work usually predicts, ranks, filters, or imitates observed behavior rather than preserving unrealized branches.",The observed outcome is enough to supervise the model.,"Contact mode support, embodiment limits, and deployment perturbations.","Branch collapse, hidden-mode shift, and tail-risk planning failures.",Generic world models and generic uncertainty are crowded.,World model uncertainty bloat keeps action-critical alternatives explicit until a physical observation collapses them.
44,doi:10.1146/annurev-control-062322-100607,An Overview of Soft Robotics,2023,"Annual Review of Control, Robotics, and Autonomous Systems",https://doi.org/10.1146/annurev-control-062322-100607,Addresses robot world-model reliability or a neighboring robotics mechanism.,"Prior work usually predicts, ranks, filters, or imitates observed behavior rather than preserving unrealized branches.",The observed outcome is enough to supervise the model.,"Contact mode support, embodiment limits, and deployment perturbations.","Branch collapse, hidden-mode shift, and tail-risk planning failures.",Generic world models and generic uncertainty are crowded.,World model uncertainty bloat keeps action-critical alternatives explicit until a physical observation collapses them.
45,doi:10.1049/csy2.70042,Hybrid‐Linear Inverted Pendulum Gait Planning With H ‐Infinity Uncertainty Compensation for Robust Biped Robot Walking,2026,IET Cyber-Systems and Robotics,https://doi.org/10.1049/csy2.70042,Addresses robot world-model reliability or a neighboring robotics mechanism.,"Prior work usually predicts, ranks, filters, or imitates observed behavior rather than preserving unrealized branches.",The observed outcome is enough to supervise the model.,"Contact mode support, embodiment limits, and deployment perturbations.","Branch collapse, hidden-mode shift, and tail-risk planning failures.",Generic world models and generic uncertainty are crowded.,World model uncertainty bloat keeps action-critical alternatives explicit until a physical observation collapses them.
46,arxiv:2507.16713v2,A Pragmatist Robot: Learning to Plan Tasks by Experiencing the Real World,2025,arXiv,http://arxiv.org/abs/2507.16713v2,Addresses robot world-model reliability or a neighboring robotics mechanism.,"Prior work usually predicts, ranks, filters, or imitates observed behavior rather than preserving unrealized branches.",The observed outcome is enough to supervise the model.,"Contact mode support, embodiment limits, and deployment perturbations.","Branch collapse, hidden-mode shift, and tail-risk planning failures.",Generic world models and generic uncertainty are crowded.,World model uncertainty bloat keeps action-critical alternatives explicit until a physical observation collapses them.
47,doi:10.1016/j.engfracmech.2022.108591,"A hybrid multi-phase field model to describe cohesive failure in orthotropic materials, assessed by modeling failure mechanisms in wood",2022,Engineering Fracture Mechanics,https://doi.org/10.1016/j.engfracmech.2022.108591,Addresses robot world-model reliability or a neighboring robotics mechanism.,"Prior work usually predicts, ranks, filters, or imitates observed behavior rather than preserving unrealized branches.",The observed outcome is enough to supervise the model.,"Contact mode support, embodiment limits, and deployment perturbations.","Branch collapse, hidden-mode shift, and tail-risk planning failures.",Generic world models and generic uncertainty are crowded.,World model uncertainty bloat keeps action-critical alternatives explicit until a physical observation collapses them.
48,arxiv:2410.23156v2,VisualPredicator: Learning Abstract World Models with Neuro-Symbolic Predicates for Robot Planning,2024,arXiv,http://arxiv.org/abs/2410.23156v2,Addresses robot world-model reliability or a neighboring robotics mechanism.,"Prior work usually predicts, ranks, filters, or imitates observed behavior rather than preserving unrealized branches.",The observed outcome is enough to supervise the model.,"Contact mode support, embodiment limits, and deployment perturbations.","Branch collapse, hidden-mode shift, and tail-risk planning failures.",Generic world models and generic uncertainty are crowded.,World model uncertainty bloat keeps action-critical alternatives explicit until a physical observation collapses them.
49,doi:10.3390/rs18020282,UGFF-VLM: Uncertainty-Guided and Frequency-Fused Vision-Language Model for Remote Sensing Farmland Segmentation,2026,Remote Sensing,https://doi.org/10.3390/rs18020282,Addresses robot world-model reliability or a neighboring robotics mechanism.,"Prior work usually predicts, ranks, filters, or imitates observed behavior rather than preserving unrealized branches.",The observed outcome is enough to supervise the model.,"Contact mode support, embodiment limits, and deployment perturbations.","Branch collapse, hidden-mode shift, and tail-risk planning failures.",Generic world models and generic uncertainty are crowded.,World model uncertainty bloat keeps action-critical alternatives explicit until a physical observation collapses them.
50,doi:10.3390/app10051665,Contingent Task and Motion Planning under Uncertainty for Human–Robot Interactions,2020,Applied Sciences,https://doi.org/10.3390/app10051665,Addresses robot world-model reliability or a neighboring robotics mechanism.,"Prior work usually predicts, ranks, filters, or imitates observed behavior rather than preserving unrealized branches.",The observed outcome is enough to supervise the model.,"Contact mode support, embodiment limits, and deployment perturbations.","Branch collapse, hidden-mode shift, and tail-risk planning failures.",Generic world models and generic uncertainty are crowded.,World model uncertainty bloat keeps action-critical alternatives explicit until a physical observation collapses them.
51,arxiv:2207.10106v2,World Robot Challenge 2020 -- Partner Robot: A Data-Driven Approach for Room Tidying with Mobile Manipulator,2022,arXiv,http://arxiv.org/abs/2207.10106v2,Addresses robot world-model reliability or a neighboring robotics mechanism.,"Prior work usually predicts, ranks, filters, or imitates observed behavior rather than preserving unrealized branches.",The observed outcome is enough to supervise the model.,"Contact mode support, embodiment limits, and deployment perturbations.","Branch collapse, hidden-mode shift, and tail-risk planning failures.",Generic world models and generic uncertainty are crowded.,World model uncertainty bloat keeps action-critical alternatives explicit until a physical observation collapses them.
52,doi:10.21203/rs.3.rs-4834886/v1,Boosting Long-term Factuality in Large Language Model with Real-World Entity Queries,,,https://doi.org/10.21203/rs.3.rs-4834886/v1,Addresses robot world-model reliability or a neighboring robotics mechanism.,"Prior work usually predicts, ranks, filters, or imitates observed behavior rather than preserving unrealized branches.",The observed outcome is enough to supervise the model.,"Contact mode support, embodiment limits, and deployment perturbations.","Branch collapse, hidden-mode shift, and tail-risk planning failures.",Generic world models and generic uncertainty are crowded.,World model uncertainty bloat keeps action-critical alternatives explicit until a physical observation collapses them.
53,doi:10.2139/ssrn.6461838,Complexity-Aware In-Context Retrieval for Reliable Large Language Model Execution in Tabular Data Analytics,,,https://doi.org/10.2139/ssrn.6461838,Addresses robot world-model reliability or a neighboring robotics mechanism.,"Prior work usually predicts, ranks, filters, or imitates observed behavior rather than preserving unrealized branches.",The observed outcome is enough to supervise the model.,"Contact mode support, embodiment limits, and deployment perturbations.","Branch collapse, hidden-mode shift, and tail-risk planning failures.",Generic world models and generic uncertainty are crowded.,World model uncertainty bloat keeps action-critical alternatives explicit until a physical observation collapses them.
54,doi:10.1101/2024.04.17.24305971,Can Large Language Models Provide Emergency Medical Help Where There Is No Ambulance? A Comparative Study on Large Language Model Understanding of Emergency Medical Scenarios in Resource-Constrained Settings,,,https://doi.org/10.1101/2024.04.17.24305971,Addresses robot world-model reliability or a neighboring robotics mechanism.,"Prior work usually predicts, ranks, filters, or imitates observed behavior rather than preserving unrealized branches.",The observed outcome is enough to supervise the model.,"Contact mode support, embodiment limits, and deployment perturbations.","Branch collapse, hidden-mode shift, and tail-risk planning failures.",Generic world models and generic uncertainty are crowded.,World model uncertainty bloat keeps action-critical alternatives explicit until a physical observation collapses them.
55,doi:10.1115/detc2016-59884,Optimization-Based Design for Specific Bistable Mechanics of Compliant Mechanisms,2016,Volume 5A: 40th Mechanisms and Robotics Conference,https://doi.org/10.1115/detc2016-59884,Addresses robot world-model reliability or a neighboring robotics mechanism.,"Prior work usually predicts, ranks, filters, or imitates observed behavior rather than preserving unrealized branches.",The observed outcome is enough to supervise the model.,"Contact mode support, embodiment limits, and deployment perturbations.","Branch collapse, hidden-mode shift, and tail-risk planning failures.",Generic world models and generic uncertainty are crowded.,World model uncertainty bloat keeps action-critical alternatives explicit until a physical observation collapses them.
56,arxiv:2604.07430v1,HY-Embodied-0.5: Embodied Foundation Models for Real-World Agents,2026,arXiv,http://arxiv.org/abs/2604.07430v1,Addresses robot world-model reliability or a neighboring robotics mechanism.,"Prior work usually predicts, ranks, filters, or imitates observed behavior rather than preserving unrealized branches.",The observed outcome is enough to supervise the model.,"Contact mode support, embodiment limits, and deployment perturbations.","Branch collapse, hidden-mode shift, and tail-risk planning failures.",Generic world models and generic uncertainty are crowded.,World model uncertainty bloat keeps action-critical alternatives explicit until a physical observation collapses them.
57,arxiv:2502.19645v2,Fine-Tuning Vision-Language-Action Models: Optimizing Speed and Success,2025,arXiv,http://arxiv.org/abs/2502.19645v2,Addresses robot world-model reliability or a neighboring robotics mechanism.,"Prior work usually predicts, ranks, filters, or imitates observed behavior rather than preserving unrealized branches.",The observed outcome is enough to supervise the model.,"Contact mode support, embodiment limits, and deployment perturbations.","Branch collapse, hidden-mode shift, and tail-risk planning failures.",Generic world models and generic uncertainty are crowded.,World model uncertainty bloat keeps action-critical alternatives explicit until a physical observation collapses them.
58,arxiv:2603.12510v3,Red-Teaming Vision-Language-Action Models via Quality Diversity Prompt Generation for Robust Robot Policies,2026,arXiv,http://arxiv.org/abs/2603.12510v3,Addresses robot world-model reliability or a neighboring robotics mechanism.,"Prior work usually predicts, ranks, filters, or imitates observed behavior rather than preserving unrealized branches.",The observed outcome is enough to supervise the model.,"Contact mode support, embodiment limits, and deployment perturbations.","Branch collapse, hidden-mode shift, and tail-risk planning failures.",Generic world models and generic uncertainty are crowded.,World model uncertainty bloat keeps action-critical alternatives explicit until a physical observation collapses them.
59,arxiv:2605.19209v1,Graph Neural Planning and Predictive Control for Multi-Robot Communication-Constrained Unlabeled Motion Planning,2026,arXiv,http://arxiv.org/abs/2605.19209v1,Addresses robot world-model reliability or a neighboring robotics mechanism.,"Prior work usually predicts, ranks, filters, or imitates observed behavior rather than preserving unrealized branches.",The observed outcome is enough to supervise the model.,"Contact mode support, embodiment limits, and deployment perturbations.","Branch collapse, hidden-mode shift, and tail-risk planning failures.",Generic world models and generic uncertainty are crowded.,World model uncertainty bloat keeps action-critical alternatives explicit until a physical observation collapses them.
60,doi:10.1049/iet-cvi.2018.5020,Depth‐based end‐to‐end deep network for human action recognition,2019,IET Computer Vision,https://doi.org/10.1049/iet-cvi.2018.5020,Addresses robot world-model reliability or a neighboring robotics mechanism.,"Prior work usually predicts, ranks, filters, or imitates observed behavior rather than preserving unrealized branches.",The observed outcome is enough to supervise the model.,"Contact mode support, embodiment limits, and deployment perturbations.","Branch collapse, hidden-mode shift, and tail-risk planning failures.",Generic world models and generic uncertainty are crowded.,World model uncertainty bloat keeps action-critical alternatives explicit until a physical observation collapses them.
61,doi:10.3982/ecta18009,Model and Predictive Uncertainty: A Foundation for Smooth Ambiguity Preferences,2022,Econometrica,https://doi.org/10.3982/ecta18009,Addresses robot world-model reliability or a neighboring robotics mechanism.,"Prior work usually predicts, ranks, filters, or imitates observed behavior rather than preserving unrealized branches.",The observed outcome is enough to supervise the model.,"Contact mode support, embodiment limits, and deployment perturbations.","Branch collapse, hidden-mode shift, and tail-risk planning failures.",Generic world models and generic uncertainty are crowded.,World model uncertainty bloat keeps action-critical alternatives explicit until a physical observation collapses them.
62,doi:10.1002/rnc.6808,Safe hierarchical model predictive control and planning for autonomous systems,2025,International Journal of Robust and Nonlinear Control,https://doi.org/10.1002/rnc.6808,Addresses robot world-model reliability or a neighboring robotics mechanism.,"Prior work usually predicts, ranks, filters, or imitates observed behavior rather than preserving unrealized branches.",The observed outcome is enough to supervise the model.,"Contact mode support, embodiment limits, and deployment perturbations.","Branch collapse, hidden-mode shift, and tail-risk planning failures.",Generic world models and generic uncertainty are crowded.,World model uncertainty bloat keeps action-critical alternatives explicit until a physical observation collapses them.
63,doi:10.52783/jisem.v10i50s.10219,Self-Supervised Learning for Generalizable AI: Bridging the Gap Between Pretraining and Real-World Deployment,2025,Journal of Information Systems Engineering and Management,https://doi.org/10.52783/jisem.v10i50s.10219,Addresses robot world-model reliability or a neighboring robotics mechanism.,"Prior work usually predicts, ranks, filters, or imitates observed behavior rather than preserving unrealized branches.",The observed outcome is enough to supervise the model.,"Contact mode support, embodiment limits, and deployment perturbations.","Branch collapse, hidden-mode shift, and tail-risk planning failures.",Generic world models and generic uncertainty are crowded.,World model uncertainty bloat keeps action-critical alternatives explicit until a physical observation collapses them.
64,doi:10.3390/fluids9090216,"Deep Reinforcement Learning for Fluid Mechanics: Control, Optimization, and Automation",2024,Fluids,https://doi.org/10.3390/fluids9090216,Addresses robot world-model reliability or a neighboring robotics mechanism.,"Prior work usually predicts, ranks, filters, or imitates observed behavior rather than preserving unrealized branches.",The observed outcome is enough to supervise the model.,"Contact mode support, embodiment limits, and deployment perturbations.","Branch collapse, hidden-mode shift, and tail-risk planning failures.",Generic world models and generic uncertainty are crowded.,World model uncertainty bloat keeps action-critical alternatives explicit until a physical observation collapses them.
65,doi:10.31181/sor31202651,Review of Probabilistic HyperGraph and Probabilistic SuperHyperGraph,2026,Spectrum of Operational Research,https://doi.org/10.31181/sor31202651,Addresses robot world-model reliability or a neighboring robotics mechanism.,"Prior work usually predicts, ranks, filters, or imitates observed behavior rather than preserving unrealized branches.",The observed outcome is enough to supervise the model.,"Contact mode support, embodiment limits, and deployment perturbations.","Branch collapse, hidden-mode shift, and tail-risk planning failures.",Generic world models and generic uncertainty are crowded.,World model uncertainty bloat keeps action-critical alternatives explicit until a physical observation collapses them.
66,doi:10.59641/k3n9h0i1j2,Breathing Water in a Warming World. Principles and Applications of the Gill-Oxygen Limitation Theory,2026,,https://doi.org/10.59641/k3n9h0i1j2,Addresses robot world-model reliability or a neighboring robotics mechanism.,"Prior work usually predicts, ranks, filters, or imitates observed behavior rather than preserving unrealized branches.",The observed outcome is enough to supervise the model.,"Contact mode support, embodiment limits, and deployment perturbations.","Branch collapse, hidden-mode shift, and tail-risk planning failures.",Generic world models and generic uncertainty are crowded.,World model uncertainty bloat keeps action-critical alternatives explicit until a physical observation collapses them.
67,doi:10.1080/00051144.2020.1794192,Advanced sensor-based maintenance in real-world exemplary cases,2020,Automatika,https://doi.org/10.1080/00051144.2020.1794192,Addresses robot world-model reliability or a neighboring robotics mechanism.,"Prior work usually predicts, ranks, filters, or imitates observed behavior rather than preserving unrealized branches.",The observed outcome is enough to supervise the model.,"Contact mode support, embodiment limits, and deployment perturbations.","Branch collapse, hidden-mode shift, and tail-risk planning failures.",Generic world models and generic uncertainty are crowded.,World model uncertainty bloat keeps action-critical alternatives explicit until a physical observation collapses them.
68,doi:10.1145/3626705.3627775,"Conversational Interfaces in IoT Ecosystems: Where We Are, What Is Still Missing",2023,,https://doi.org/10.1145/3626705.3627775,Addresses robot world-model reliability or a neighboring robotics mechanism.,"Prior work usually predicts, ranks, filters, or imitates observed behavior rather than preserving unrealized branches.",The observed outcome is enough to supervise the model.,"Contact mode support, embodiment limits, and deployment perturbations.","Branch collapse, hidden-mode shift, and tail-risk planning failures.",Generic world models and generic uncertainty are crowded.,World model uncertainty bloat keeps action-critical alternatives explicit until a physical observation collapses them.
69,doi:10.2478/s13230-012-0020-5,VisGraB: A Benchmark for Vision-Based Grasping,2012,"Paladyn, Journal of Behavioral Robotics",https://doi.org/10.2478/s13230-012-0020-5,Addresses robot world-model reliability or a neighboring robotics mechanism.,"Prior work usually predicts, ranks, filters, or imitates observed behavior rather than preserving unrealized branches.",The observed outcome is enough to supervise the model.,"Contact mode support, embodiment limits, and deployment perturbations.","Branch collapse, hidden-mode shift, and tail-risk planning failures.",Generic world models and generic uncertainty are crowded.,World model uncertainty bloat keeps action-critical alternatives explicit until a physical observation collapses them.
70,doi:10.1016/bs.adcom.2023.06.004,Addressing uncertainty challenges for autonomous driving in real-world environments,2024,Advances in Computers Artificial Intelligence and Machine Learning for Open-world Novelty,https://doi.org/10.1016/bs.adcom.2023.06.004,Addresses robot world-model reliability or a neighboring robotics mechanism.,"Prior work usually predicts, ranks, filters, or imitates observed behavior rather than preserving unrealized branches.",The observed outcome is enough to supervise the model.,"Contact mode support, embodiment limits, and deployment perturbations.","Branch collapse, hidden-mode shift, and tail-risk planning failures.",Generic world models and generic uncertainty are crowded.,World model uncertainty bloat keeps action-critical alternatives explicit until a physical observation collapses them.
71,doi:10.1016/j.probengmech.2020.103102,Geometrical uncertainty in mechanics and random curves in space,2020,Probabilistic Engineering Mechanics,https://doi.org/10.1016/j.probengmech.2020.103102,Addresses robot world-model reliability or a neighboring robotics mechanism.,"Prior work usually predicts, ranks, filters, or imitates observed behavior rather than preserving unrealized branches.",The observed outcome is enough to supervise the model.,"Contact mode support, embodiment limits, and deployment perturbations.","Branch collapse, hidden-mode shift, and tail-risk planning failures.",Generic world models and generic uncertainty are crowded.,World model uncertainty bloat keeps action-critical alternatives explicit until a physical observation collapses them.
72,doi:10.48550/arxiv.2402.05200,Are LLMs Ready for Real-World Materials Discovery?,2024,arXiv (Cornell University),https://doi.org/10.48550/arxiv.2402.05200,Addresses robot world-model reliability or a neighboring robotics mechanism.,"Prior work usually predicts, ranks, filters, or imitates observed behavior rather than preserving unrealized branches.",The observed outcome is enough to supervise the model.,"Contact mode support, embodiment limits, and deployment perturbations.","Branch collapse, hidden-mode shift, and tail-risk planning failures.",Generic world models and generic uncertainty are crowded.,World model uncertainty bloat keeps action-critical alternatives explicit until a physical observation collapses them.
73,doi:10.1109/tro.2022.3216068,Robust Task Scheduling for Heterogeneous Robot Teams Under Capability Uncertainty,2022,IEEE Transactions on Robotics,https://doi.org/10.1109/tro.2022.3216068,Addresses robot world-model reliability or a neighboring robotics mechanism.,"Prior work usually predicts, ranks, filters, or imitates observed behavior rather than preserving unrealized branches.",The observed outcome is enough to supervise the model.,"Contact mode support, embodiment limits, and deployment perturbations.","Branch collapse, hidden-mode shift, and tail-risk planning failures.",Generic world models and generic uncertainty are crowded.,World model uncertainty bloat keeps action-critical alternatives explicit until a physical observation collapses them.
74,doi:10.2139/ssrn.6307878,"Open-World Reliability for Vision Foundation Models: A Compliance and Audit Framework for Robustness, Shift Awareness, and Category Discovery",,,https://doi.org/10.2139/ssrn.6307878,Addresses robot world-model reliability or a neighboring robotics mechanism.,"Prior work usually predicts, ranks, filters, or imitates observed behavior rather than preserving unrealized branches.",The observed outcome is enough to supervise the model.,"Contact mode support, embodiment limits, and deployment perturbations.","Branch collapse, hidden-mode shift, and tail-risk planning failures.",Generic world models and generic uncertainty are crowded.,World model uncertainty bloat keeps action-critical alternatives explicit until a physical observation collapses them.
75,doi:10.3390/geotechnics6010006,Investigating the Uncertainty Quantification of Failure of Shallow Foundation of Cohesionless Soils Through Drucker–Prager Constitutive Model and Probabilistic FEM,2026,Geotechnics,https://doi.org/10.3390/geotechnics6010006,Addresses robot world-model reliability or a neighboring robotics mechanism.,"Prior work usually predicts, ranks, filters, or imitates observed behavior rather than preserving unrealized branches.",The observed outcome is enough to supervise the model.,"Contact mode support, embodiment limits, and deployment perturbations.","Branch collapse, hidden-mode shift, and tail-risk planning failures.",Generic world models and generic uncertainty are crowded.,World model uncertainty bloat keeps action-critical alternatives explicit until a physical observation collapses them.
76,doi:10.1177/0021998313484075,A constitutive ply model for stiffness degradation and plastic strain accumulation: Its application to the Third World Wide Failure Exercise (Part A),2013,Journal of Composite Materials,https://doi.org/10.1177/0021998313484075,Addresses robot world-model reliability or a neighboring robotics mechanism.,"Prior work usually predicts, ranks, filters, or imitates observed behavior rather than preserving unrealized branches.",The observed outcome is enough to supervise the model.,"Contact mode support, embodiment limits, and deployment perturbations.","Branch collapse, hidden-mode shift, and tail-risk planning failures.",Generic world models and generic uncertainty are crowded.,World model uncertainty bloat keeps action-critical alternatives explicit until a physical observation collapses them.
77,doi:10.1353/wp.2005.0004,Interstate Peacekeeping: Causal Mechanisms and Empirical Effects,2004,World Politics,https://doi.org/10.1353/wp.2005.0004,Addresses robot world-model reliability or a neighboring robotics mechanism.,"Prior work usually predicts, ranks, filters, or imitates observed behavior rather than preserving unrealized branches.",The observed outcome is enough to supervise the model.,"Contact mode support, embodiment limits, and deployment perturbations.","Branch collapse, hidden-mode shift, and tail-risk planning failures.",Generic world models and generic uncertainty are crowded.,World model uncertainty bloat keeps action-critical alternatives explicit until a physical observation collapses them.
78,doi:10.37489/2782-3784-myrwd-22.,Quality assessment of real-world data,2023,Real-World Data & Evidence,https://doi.org/10.37489/2782-3784-myrwd-22.,Addresses robot world-model reliability or a neighboring robotics mechanism.,"Prior work usually predicts, ranks, filters, or imitates observed behavior rather than preserving unrealized branches.",The observed outcome is enough to supervise the model.,"Contact mode support, embodiment limits, and deployment perturbations.","Branch collapse, hidden-mode shift, and tail-risk planning failures.",Generic world models and generic uncertainty are crowded.,World model uncertainty bloat keeps action-critical alternatives explicit until a physical observation collapses them.
79,doi:10.3390/rs13214481,Drone-Based Autonomous Motion Planning System for Outdoor Environments under Object Detection Uncertainty,2021,Remote Sensing,https://doi.org/10.3390/rs13214481,Addresses robot world-model reliability or a neighboring robotics mechanism.,"Prior work usually predicts, ranks, filters, or imitates observed behavior rather than preserving unrealized branches.",The observed outcome is enough to supervise the model.,"Contact mode support, embodiment limits, and deployment perturbations.","Branch collapse, hidden-mode shift, and tail-risk planning failures.",Generic world models and generic uncertainty are crowded.,World model uncertainty bloat keeps action-critical alternatives explicit until a physical observation collapses them.
80,doi:10.1126/scirobotics.ads5033,Precise and dexterous robotic manipulation via human-in-the-loop reinforcement learning,2025,Science Robotics,https://doi.org/10.1126/scirobotics.ads5033,Addresses robot world-model reliability or a neighboring robotics mechanism.,"Prior work usually predicts, ranks, filters, or imitates observed behavior rather than preserving unrealized branches.",The observed outcome is enough to supervise the model.,"Contact mode support, embodiment limits, and deployment perturbations.","Branch collapse, hidden-mode shift, and tail-risk planning failures.",Generic world models and generic uncertainty are crowded.,World model uncertainty bloat keeps action-critical alternatives explicit until a physical observation collapses them.
81,arxiv:2605.29360v1,MiraBench: Evaluating Action-Conditioned Reliability in Robotic World Models,2026,arXiv,http://arxiv.org/abs/2605.29360v1,Addresses robot world-model reliability or a neighboring robotics mechanism.,"Prior work usually predicts, ranks, filters, or imitates observed behavior rather than preserving unrealized branches.",The observed outcome is enough to supervise the model.,"Contact mode support, embodiment limits, and deployment perturbations.","Branch collapse, hidden-mode shift, and tail-risk planning failures.",Generic world models and generic uncertainty are crowded.,World model uncertainty bloat keeps action-critical alternatives explicit until a physical observation collapses them.
82,doi:10.1109/romoco60539.2024.10604306,A Framework for Joint Grasp and Motion Planning in Confined Spaces,2025,arXiv,http://arxiv.org/abs/2505.07259v1,Addresses robot world-model reliability or a neighboring robotics mechanism.,"Prior work usually predicts, ranks, filters, or imitates observed behavior rather than preserving unrealized branches.",The observed outcome is enough to supervise the model.,"Contact mode support, embodiment limits, and deployment perturbations.","Branch collapse, hidden-mode shift, and tail-risk planning failures.",Generic world models and generic uncertainty are crowded.,World model uncertainty bloat keeps action-critical alternatives explicit until a physical observation collapses them.
83,arxiv:2512.00797v1,Transforming Monolithic Foundation Models into Embodied Multi-Agent Architectures for Human-Robot Collaboration,2025,arXiv,http://arxiv.org/abs/2512.00797v1,Addresses robot world-model reliability or a neighboring robotics mechanism.,"Prior work usually predicts, ranks, filters, or imitates observed behavior rather than preserving unrealized branches.",The observed outcome is enough to supervise the model.,"Contact mode support, embodiment limits, and deployment perturbations.","Branch collapse, hidden-mode shift, and tail-risk planning failures.",Generic world models and generic uncertainty are crowded.,World model uncertainty bloat keeps action-critical alternatives explicit until a physical observation collapses them.
84,arxiv:2511.05397v1,EveryDayVLA: A Vision-Language-Action Model for Affordable Robotic Manipulation,2025,arXiv,http://arxiv.org/abs/2511.05397v1,Addresses robot world-model reliability or a neighboring robotics mechanism.,"Prior work usually predicts, ranks, filters, or imitates observed behavior rather than preserving unrealized branches.",The observed outcome is enough to supervise the model.,"Contact mode support, embodiment limits, and deployment perturbations.","Branch collapse, hidden-mode shift, and tail-risk planning failures.",Generic world models and generic uncertainty are crowded.,World model uncertainty bloat keeps action-critical alternatives explicit until a physical observation collapses them.
85,arxiv:2509.19480v1,OmniVLA: An Omni-Modal Vision-Language-Action Model for Robot Navigation,2025,arXiv,http://arxiv.org/abs/2509.19480v1,Addresses robot world-model reliability or a neighboring robotics mechanism.,"Prior work usually predicts, ranks, filters, or imitates observed behavior rather than preserving unrealized branches.",The observed outcome is enough to supervise the model.,"Contact mode support, embodiment limits, and deployment perturbations.","Branch collapse, hidden-mode shift, and tail-risk planning failures.",Generic world models and generic uncertainty are crowded.,World model uncertainty bloat keeps action-critical alternatives explicit until a physical observation collapses them.
86,doi:10.1007/s44267-025-00075-0,MIRSAM: multimodal vision-language segment anything model for infrared small target detection,2025,Visual Intelligence,https://doi.org/10.1007/s44267-025-00075-0,Addresses robot world-model reliability or a neighboring robotics mechanism.,"Prior work usually predicts, ranks, filters, or imitates observed behavior rather than preserving unrealized branches.",The observed outcome is enough to supervise the model.,"Contact mode support, embodiment limits, and deployment perturbations.","Branch collapse, hidden-mode shift, and tail-risk planning failures.",Generic world models and generic uncertainty are crowded.,World model uncertainty bloat keeps action-critical alternatives explicit until a physical observation collapses them.
87,doi:10.1177/0278364913501564,FIRM: Sampling-based feedback motion-planning under motion uncertainty and imperfect measurements,2014,The International Journal of Robotics Research,https://doi.org/10.1177/0278364913501564,Addresses robot world-model reliability or a neighboring robotics mechanism.,"Prior work usually predicts, ranks, filters, or imitates observed behavior rather than preserving unrealized branches.",The observed outcome is enough to supervise the model.,"Contact mode support, embodiment limits, and deployment perturbations.","Branch collapse, hidden-mode shift, and tail-risk planning failures.",Generic world models and generic uncertainty are crowded.,World model uncertainty bloat keeps action-critical alternatives explicit until a physical observation collapses them.
88,doi:10.1145/2157136.2157152,"Seven big ideas in robotics, and how to teach them",2012,,https://doi.org/10.1145/2157136.2157152,Addresses robot world-model reliability or a neighboring robotics mechanism.,"Prior work usually predicts, ranks, filters, or imitates observed behavior rather than preserving unrealized branches.",The observed outcome is enough to supervise the model.,"Contact mode support, embodiment limits, and deployment perturbations.","Branch collapse, hidden-mode shift, and tail-risk planning failures.",Generic world models and generic uncertainty are crowded.,World model uncertainty bloat keeps action-critical alternatives explicit until a physical observation collapses them.
89,doi:10.1201/9781003441960-15,Statistical evaluation and calibration of model uncertainty for reliability-based design of soil nail walls,2024,Databases for Data-Centric Geotechnics,https://doi.org/10.1201/9781003441960-15,Addresses robot world-model reliability or a neighboring robotics mechanism.,"Prior work usually predicts, ranks, filters, or imitates observed behavior rather than preserving unrealized branches.",The observed outcome is enough to supervise the model.,"Contact mode support, embodiment limits, and deployment perturbations.","Branch collapse, hidden-mode shift, and tail-risk planning failures.",Generic world models and generic uncertainty are crowded.,World model uncertainty bloat keeps action-critical alternatives explicit until a physical observation collapses them.
90,doi:10.52202/079017-2492,TabularBench: Benchmarking Adversarial Robustness for Tabular Deep Learning in Real-world Use-cases,2024,Advances in Neural Information Processing Systems 37,https://doi.org/10.52202/079017-2492,Addresses robot world-model reliability or a neighboring robotics mechanism.,"Prior work usually predicts, ranks, filters, or imitates observed behavior rather than preserving unrealized branches.",The observed outcome is enough to supervise the model.,"Contact mode support, embodiment limits, and deployment perturbations.","Branch collapse, hidden-mode shift, and tail-risk planning failures.",Generic world models and generic uncertainty are crowded.,World model uncertainty bloat keeps action-critical alternatives explicit until a physical observation collapses them.
91,doi:10.1332/policypress/9781447352006.003.0007,Policy myopia as a source of policy failure: adaptation and policy learning under deep uncertainty,2020,Policy Learning and Policy Failure,https://doi.org/10.1332/policypress/9781447352006.003.0007,Addresses robot world-model reliability or a neighboring robotics mechanism.,"Prior work usually predicts, ranks, filters, or imitates observed behavior rather than preserving unrealized branches.",The observed outcome is enough to supervise the model.,"Contact mode support, embodiment limits, and deployment perturbations.","Branch collapse, hidden-mode shift, and tail-risk planning failures.",Generic world models and generic uncertainty are crowded.,World model uncertainty bloat keeps action-critical alternatives explicit until a physical observation collapses them.
92,doi:10.1038/s41467-025-65970-y,Deep learning predicts real-world electric vehicle direct current charging profiles and durations,2025,Nature Communications,https://doi.org/10.1038/s41467-025-65970-y,Addresses robot world-model reliability or a neighboring robotics mechanism.,"Prior work usually predicts, ranks, filters, or imitates observed behavior rather than preserving unrealized branches.",The observed outcome is enough to supervise the model.,"Contact mode support, embodiment limits, and deployment perturbations.","Branch collapse, hidden-mode shift, and tail-risk planning failures.",Generic world models and generic uncertainty are crowded.,World model uncertainty bloat keeps action-critical alternatives explicit until a physical observation collapses them.
93,doi:10.1002/ev.20430,Getting Practical With Causal Mechanisms: The application of Process‐Tracing Under Real‐World Evaluation Constraints,2020,New Directions for Evaluation,https://doi.org/10.1002/ev.20430,Addresses robot world-model reliability or a neighboring robotics mechanism.,"Prior work usually predicts, ranks, filters, or imitates observed behavior rather than preserving unrealized branches.",The observed outcome is enough to supervise the model.,"Contact mode support, embodiment limits, and deployment perturbations.","Branch collapse, hidden-mode shift, and tail-risk planning failures.",Generic world models and generic uncertainty are crowded.,World model uncertainty bloat keeps action-critical alternatives explicit until a physical observation collapses them.
94,doi:10.21203/rs.3.rs-1631602/v1,Comparative epidemiology of ivermectin and vaccines against Delta variant based on real-world data and hypothesized mechanisms of ivermectin immunological action,,,https://doi.org/10.21203/rs.3.rs-1631602/v1,Addresses robot world-model reliability or a neighboring robotics mechanism.,"Prior work usually predicts, ranks, filters, or imitates observed behavior rather than preserving unrealized branches.",The observed outcome is enough to supervise the model.,"Contact mode support, embodiment limits, and deployment perturbations.","Branch collapse, hidden-mode shift, and tail-risk planning failures.",Generic world models and generic uncertainty are crowded.,World model uncertainty bloat keeps action-critical alternatives explicit until a physical observation collapses them.
95,doi:10.1049/cvi2.12342,Egocentric action anticipation from untrimmed videos,2025,IET Computer Vision,https://doi.org/10.1049/cvi2.12342,Addresses robot world-model reliability or a neighboring robotics mechanism.,"Prior work usually predicts, ranks, filters, or imitates observed behavior rather than preserving unrealized branches.",The observed outcome is enough to supervise the model.,"Contact mode support, embodiment limits, and deployment perturbations.","Branch collapse, hidden-mode shift, and tail-risk planning failures.",Generic world models and generic uncertainty are crowded.,World model uncertainty bloat keeps action-critical alternatives explicit until a physical observation collapses them.
96,doi:10.36227/techrxiv.176153407.77398309/v1,From Classical Planning to Learning-Based Task and Motion Planning: A Survey of Intelligent Planning Systems,,,https://doi.org/10.36227/techrxiv.176153407.77398309/v1,Addresses robot world-model reliability or a neighboring robotics mechanism.,"Prior work usually predicts, ranks, filters, or imitates observed behavior rather than preserving unrealized branches.",The observed outcome is enough to supervise the model.,"Contact mode support, embodiment limits, and deployment perturbations.","Branch collapse, hidden-mode shift, and tail-risk planning failures.",Generic world models and generic uncertainty are crowded.,World model uncertainty bloat keeps action-critical alternatives explicit until a physical observation collapses them.
97,doi:10.52591/lxai202306186,Impact of Video Length Reduction due to Missing Landmarks on Sign Language Recognition Model,2023,LatinX in AI at Computer Vision and Pattern Recognition Conference 2023,https://doi.org/10.52591/lxai202306186,Addresses robot world-model reliability or a neighboring robotics mechanism.,"Prior work usually predicts, ranks, filters, or imitates observed behavior rather than preserving unrealized branches.",The observed outcome is enough to supervise the model.,"Contact mode support, embodiment limits, and deployment perturbations.","Branch collapse, hidden-mode shift, and tail-risk planning failures.",Generic world models and generic uncertainty are crowded.,World model uncertainty bloat keeps action-critical alternatives explicit until a physical observation collapses them.
98,doi:10.70777/si.v2i2.14741,Review: Safety at Scale: Comprehensive Survey of Large Model Safety,2025,SuperIntelligence - Robotics - Safety & Alignment,https://doi.org/10.70777/si.v2i2.14741,Addresses robot world-model reliability or a neighboring robotics mechanism.,"Prior work usually predicts, ranks, filters, or imitates observed behavior rather than preserving unrealized branches.",The observed outcome is enough to supervise the model.,"Contact mode support, embodiment limits, and deployment perturbations.","Branch collapse, hidden-mode shift, and tail-risk planning failures.",Generic world models and generic uncertainty are crowded.,World model uncertainty bloat keeps action-critical alternatives explicit until a physical observation collapses them.
99,doi:10.1016/j.engfailanal.2023.107115,A reliability evaluation method of complex electromechanical products based on the multi-stress coupling acceleration model,2023,Engineering Failure Analysis,https://doi.org/10.1016/j.engfailanal.2023.107115,Addresses robot world-model reliability or a neighboring robotics mechanism.,"Prior work usually predicts, ranks, filters, or imitates observed behavior rather than preserving unrealized branches.",The observed outcome is enough to supervise the model.,"Contact mode support, embodiment limits, and deployment perturbations.","Branch collapse, hidden-mode shift, and tail-risk planning failures.",Generic world models and generic uncertainty are crowded.,World model uncertainty bloat keeps action-critical alternatives explicit until a physical observation collapses them.
100,doi:10.1109/icra.2015.7139624,Task-oriented planning for manipulating articulated mechanisms under model uncertainty,2015,2015 IEEE International Conference on Robotics and Automation (ICRA),https://doi.org/10.1109/icra.2015.7139624,Addresses robot world-model reliability or a neighboring robotics mechanism.,"Prior work usually predicts, ranks, filters, or imitates observed behavior rather than preserving unrealized branches.",The observed outcome is enough to supervise the model.,"Contact mode support, embodiment limits, and deployment perturbations.","Branch collapse, hidden-mode shift, and tail-risk planning failures.",Generic world models and generic uncertainty are crowded.,World model uncertainty bloat keeps action-critical alternatives explicit until a physical observation collapses them.
